index,customUser:user_Id,/CartScreen,/DashboardScreen,/LoginScreen,/OffersListPage,/ProductDetails,/ProductListing
144,113270975,40.0,111.0,0.0,0.0,135.0,1869.0
248,700019734,0.0,52.5,0.0,0.0,47.0,71.5
254,700063245,69.0,434.0,0.0,0.0,0.0,6.0
264,700116905,94.5,34.25,0.0,0.0,556.5,53.0
272,700152864,27.0,65.0,35.0,0.0,18.0,100.0
276,700171299,112.0,25.0,29.0,0.0,155.0,69.0
279,700191021,0.0,29.0,0.0,0.0,34.0,118.0
281,700196175,0.0,41.125,27.0,0.0,19.0,105.0
289,700230891,585.0,52.0,0.0,0.0,66.0,31.0
290,700231211,76.0,124.0,0.0,0.0,101.0,31.0
294,700257139,187.0,50.8,29.0,0.0,46.5,76.5
313,700344724,43.0,152.0,0.0,26.0,44.0,36.0
335,700482288,156.0,293.0,0.0,0.0,29.0,36.0
340,700508675,46.0,24.5,18.5,6.0,91.0,53.0
344,700544572,0.0,5.0,0.0,0.0,0.0,108.0
357,700603317,123.0,103.5,0.0,0.0,108.5,32.5
383,700726267,313.0,29.0,22.0,0.0,16.0,1117.0
388,700752538,0.0,504.5,50.0,0.0,9.0,27.0
399,700839641,139.0,0.0,0.0,0.0,38.0,170.0
404,700857405,621.0,92.5,0.0,0.0,100.0,71.0
412,700908204,0.0,90.0,0.0,0.0,47.0,96.0
419,701016874,14.0,13.0,11.0,0.0,0.0,118.0
429,701085299,73.0,26.666666666666668,24.0,0.0,23.75,91.0
435,701113410,44.5,42.5,83.0,0.0,92.0,50.666666666666664
445,701171374,39.0,39.0,18.333333333333332,0.0,18.0,102.0
465,701271872,17.0,151.0,15.0,0.0,35.666666666666664,46.666666666666664
467,701284345,40.0,496.5,8.666666666666666,0.0,4.0,12.0
477,701364283,194.0,0.0,0.0,0.0,259.0,2.0
478,701365625,3.0,204.0,24.0,0.0,3.0,120.0
483,701417365,11.0,216.0,0.0,0.0,65.0,169.0
486,701437110,2.0,50.0,0.0,0.0,18.0,143.0
489,701469908,26.0,86.0,0.0,0.0,20.0,108.0
500,701567217,91.66666666666667,22.333333333333332,29.5,0.0,83.33333333333333,56.0
508,701601325,10.0,81.0,25.333333333333332,0.0,81.0,94.5
510,701609801,94.0,131.5,10.0,10.0,266.0,103.0
513,701623109,0.0,0.0,0.0,0.0,80.0,104.0
521,701650826,12.0,50.0,0.0,0.0,17.0,94.0
522,701659090,0.0,56.0,0.0,0.0,0.0,124.0
524,701675108,6.0,87.0,0.0,0.0,35.0,112.0
528,701687005,0.0,36.625,28.0,0.0,69.16666666666667,71.83333333333333
530,701699204,0.0,19.0,0.0,0.0,259.0,185.0
540,701767436,60.75,49.75,13.0,0.0,103.57142857142857,88.88888888888889
556,701843343,45.0,66.0,0.0,0.0,109.0,124.0
557,701849471,13.0,155.0,0.0,0.0,60.0,34.0
573,701983116,7.0,60.0,0.0,0.0,112.0,97.0
574,701988914,41.0,37.0,14.0,0.0,95.0,50.0
580,702025461,0.0,50.5,0.0,0.0,62.0,62.0
582,702037619,151.33333333333334,192.75,0.0,0.0,79.5,61.25
586,702083309,75.0,9.0,0.0,0.0,55.0,134.0
593,702115220,85.5,28.6,27.0,0.0,35.5,191.66666666666666
598,702124838,3.0,2.0,0.0,0.0,25.0,323.0
604,702186225,589.0,126.0,36.0,0.0,80.5,38.5
625,702260589,0.0,35.0,0.0,0.0,43.0,124.0
642,702394740,398.0,2.0,0.0,0.0,76.0,84.0
644,702404141,135.0,89.0,0.0,0.0,49.0,71.0
645,702412587,22.0,12.5,0.0,0.0,91.0,96.0
646,702417373,346.0,193.0,0.0,0.0,54.0,52.0
672,702565414,248.0,70.5,5.0,0.0,130.0,41.5
702,702705627,47.0,53.0,0.0,0.0,20.0,112.0
704,702723544,333.0,87.66666666666667,124.0,0.0,75.0,149.0
705,702726009,193.0,63.0,0.0,0.0,37.0,90.0
707,702742177,1279.0,31.0,0.0,0.0,46.0,117.0
708,702744628,10.0,21.5,15.0,0.0,117.0,91.0
709,702746592,11.0,41.0,0.0,0.0,80.0,205.0
714,702766943,120.0,45.5,0.0,12.0,23.0,103.0
721,702811740,991.0,1.5,0.0,3.0,40.0,50.0
735,702872772,0.0,4.0,0.0,0.0,176.0,86.0
751,702986293,107.0,28.0,0.0,0.0,114.0,140.0
753,702995374,0.0,5.0,4.0,0.0,263.5,4.0
765,703160545,49.0,184.0,0.0,0.0,0.0,48.0
766,703161123,17.0,87.0,0.0,0.0,0.0,180.0
778,703235058,36.0,120.0,10.0,9.0,36.0,91.0
781,703244642,273.0,28.75,2.0,0.0,120.0,151.0
791,703298468,205.0,56.9,117.66666666666667,0.0,182.5,180.5
802,703364080,0.0,397.0,0.0,0.0,0.0,26.0
803,703370543,0.0,44.0,0.0,0.0,107.0,42.0
819,703497369,0.0,62.5,0.0,0.0,84.0,158.0
829,703532888,0.0,109.33333333333333,0.0,0.0,109.0,159.0
844,703697211,0.0,12.0,0.0,0.0,0.0,116.0
849,703718606,44.0,43.5,47.0,9.0,31.0,71.0
853,703735088,835.0,95.0,0.0,0.0,268.0,194.0
869,703839695,91.5,79.16666666666667,0.0,0.0,101.0,47.5
888,703980796,0.0,22.0,0.0,0.0,101.0,129.0
911,704104118,65.0,404.5,16.0,0.0,12.0,33.0
913,704109490,333.0,91.0,0.0,0.0,37.5,65.0
926,704199178,0.0,6.75,0.0,0.0,33.0,123.0
933,704231533,0.0,64.0,0.0,0.0,60.0,66.0
935,704249767,51.0,61.333333333333336,16.0,0.0,134.33333333333334,96.66666666666667
938,704272570,37.5,23.125,9.5,0.0,92.0,53.6
949,704338610,190.0,74.0,0.0,0.0,83.0,106.0
957,704361261,0.0,187.0,0.0,0.0,24.0,107.0
959,704365838,0.0,32.0,0.0,0.0,41.0,82.0
962,704386945,0.0,22.0,0.0,0.0,43.0,81.0
972,704448832,0.0,42.0,0.0,0.0,0.0,96.0
992,704550298,48.0,56.5,0.0,0.0,95.5,86.0
994,704558736,8.0,59.0,0.0,0.0,74.0,100.0
998,704567763,70.0,21.0,0.0,0.0,226.0,38.5
1001,704592483,116.0,135.0,0.0,0.0,98.0,25.0
1004,704597807,424.0,177.0,0.0,0.0,84.0,85.0
1008,704632379,0.0,60.0,40.0,0.0,261.0,97.0
1014,704699187,8.0,400.0,9.0,0.0,2.0,4.0
1015,704707081,391.0,390.0,0.0,0.0,197.0,39.0
1021,704738189,46.0,73.9,32.5,0.0,71.0,66.5
1028,704800252,24.0,117.0,0.0,0.0,178.0,113.0
1032,704816303,8.0,106.0,0.0,0.0,73.0,226.0
1033,704823472,0.0,23.5,0.0,0.0,0.0,170.0
1036,704834431,0.0,96.0,38.0,0.0,0.0,121.0
1041,704858140,48.666666666666664,68.0,0.0,0.0,87.0,111.66666666666667
1048,704891092,0.0,64.0,0.0,0.0,347.0,176.0
1063,705021828,0.0,72.4,131.0,0.0,76.0,97.25
1064,705027909,12.0,58.8,0.0,0.0,145.0,93.0
1088,705201968,99.0,29.75,0.0,0.0,155.0,74.0
1098,705271997,29.0,113.0,23.0,0.0,25.0,235.0
1107,705313724,199.0,75.0,0.0,0.0,49.0,56.0
1111,705364611,0.0,82.0,0.0,0.0,62.0,103.0
1116,705381791,147.0,29.0,0.0,0.0,5.0,141.0
1118,705397088,689.0,70.0,0.0,0.0,39.0,18.0
1122,705428176,0.0,25.75,14.0,0.0,80.33333333333333,59.5
1132,705513064,0.0,7.5,0.0,0.0,55.0,89.5
1133,705513910,1059.0,36.25,0.0,0.0,28.333333333333332,38.333333333333336
1140,705525237,87.0,72.0,0.0,8.0,25.0,69.0
1147,705556680,0.0,0.0,0.0,0.0,67.0,165.0
1155,705618838,189.0,294.0,17.0,19.0,39.0,113.0
1160,705648615,729.0,32.6,11.0,0.0,41.0,39.0
1163,705659978,595.0,217.0,0.0,0.0,58.0,15.0
1172,705723912,87.0,126.0,0.0,0.0,25.0,61.0
1177,705765377,40.0,15.0,0.0,0.0,159.0,52.0
1189,705829560,0.0,12.0,0.0,0.0,50.0,82.0
1196,705870223,21.0,61.0,0.0,0.0,102.0,107.0
1205,705882194,108.0,106.0,0.0,0.0,42.0,70.0
1221,705964773,0.0,23.5,0.0,0.0,88.0,79.5
1225,705994782,0.0,35.5,0.0,0.0,244.0,44.0
1229,706026513,17.0,39.5,0.0,0.0,63.0,80.0
1235,706078857,2.0,27.333333333333332,0.0,0.0,24.0,123.66666666666667
1236,706086269,818.0,24.333333333333332,0.0,0.0,207.0,30.0
1243,706126270,0.0,28.0,0.0,0.0,161.0,92.0
1256,706179842,349.0,33.0,0.0,0.0,62.0,92.0
1262,706235001,10.0,419.0,9.0,0.0,5.0,5.0
1264,706239064,395.0,45.0,0.0,0.0,112.0,21.0
1275,706316129,2.0,81.0,0.0,0.0,0.0,105.0
1300,706463568,0.0,6.0,0.0,0.0,79.0,203.0
1315,706556290,129.0,804.0,0.0,0.0,128.0,155.0
1319,706573744,44.5,125.0,21.666666666666668,0.0,40.0,211.0
1355,706772540,16.0,20.0,11.0,0.0,208.0,47.0
1356,706788887,22.0,44.0,0.0,0.0,70.0,65.0
1357,706795776,123.5,20.5,32.0,0.0,190.5,45.0
1358,706798405,0.0,153.5,30.0,0.0,19.0,115.0
1361,706802600,102.0,0.0,0.0,0.0,331.0,8.0
1364,706816327,20.0,105.0,0.0,0.0,68.0,76.0
1385,706907791,93.0,24.333333333333332,26.0,0.0,42.0,122.0
1388,706928628,67.5,110.0,15.0,0.0,14.0,74.5
1412,707072591,0.0,16.0,8.0,0.0,10.0,137.0
1416,707110802,0.0,72.0,0.0,0.0,88.0,67.0
1418,707117587,497.0,238.5,3.0,0.0,65.0,70.5
1420,707119745,483.0,27.0,0.0,7.0,159.0,60.0
1421,707120753,39.0,22.0,0.0,3.0,86.0,53.0
1475,707459814,332.0,9.0,0.0,0.0,114.0,41.0
1484,707509021,137.0,51.5,0.0,0.0,103.5,45.0
1496,707586412,490.0,801.0,0.0,5.0,165.0,227.0
1511,707645473,126.0,75.4,13.0,0.0,46.5,110.5
1520,707663597,102.0,250.0,0.0,0.0,40.0,34.0
1531,707711981,12.0,140.0,112.0,0.0,20.0,74.0
1534,707743731,0.0,19.0,0.0,0.0,36.0,98.0
1536,707765131,63.0,103.0,0.0,0.0,0.0,72.0
1537,707765630,50.0,91.0,0.0,0.0,43.0,195.0
1558,707897330,0.0,76.0,0.0,0.0,25.0,85.0
1571,708002001,0.0,153.0,0.0,0.0,32.0,88.0
1582,708067298,0.0,28.0,0.0,0.0,16.0,131.0
1601,708109333,155.0,54.0,0.0,0.0,114.0,119.0
1609,708152559,0.0,7.0,0.0,0.0,169.0,84.0
1610,708152998,210.0,308.0,0.0,0.0,51.0,49.0
1625,708234997,0.0,88.5,0.0,0.0,0.0,174.0
1628,708244928,178.0,66.0,0.0,0.0,137.0,60.0
1638,708304344,406.0,59.5,10.0,0.0,65.0,27.833333333333332
1652,708398872,0.0,81.0,0.0,0.0,311.0,372.0
1657,708425760,612.0,0.0,0.0,0.0,264.0,75.0
1664,708474729,279.0,21.0,0.0,0.0,130.0,30.0
1668,708515338,105.0,28.5,17.0,0.0,102.5,64.66666666666667
1673,708548120,0.0,33.0,0.0,0.0,57.0,70.0
1675,708551348,3.0,85.0,33.0,0.0,0.0,328.0
1680,708591837,472.0,37.0,0.0,2.0,30.0,46.5
1688,708613526,9.0,40.0,0.0,0.0,52.0,115.0
1695,708660365,58.0,118.0,0.0,0.0,19.0,58.0
1705,708716327,0.0,24.0,19.0,0.0,87.0,72.0
1708,708719620,32.5,68.0,269.0,0.0,0.0,68.0
1714,708745498,130.0,73.0,0.0,0.0,55.5,57.0
1723,708810061,0.0,212.0,0.0,0.0,48.0,26.0
1741,708919260,81.0,84.33333333333333,0.0,0.0,0.0,144.0
1743,708920510,0.0,55.666666666666664,0.0,0.0,201.0,118.0
1760,710132803,0.0,14.0,0.0,0.0,102.0,76.0
1771,710216842,0.0,6.0,0.0,0.0,38.0,92.0
1793,710307377,128.0,15.0,0.0,0.0,88.0,64.0
1796,710314451,0.0,40.0,0.0,0.0,19.0,93.0
1797,710320237,11.333333333333334,219.33333333333334,20.5,0.0,21.333333333333332,31.333333333333332
1798,710324644,62.0,98.16666666666667,97.0,0.0,64.0,56.5
1854,710553320,0.0,25.75,38.666666666666664,0.0,271.0,58.333333333333336
1858,710605106,601.0,76.66666666666667,41.0,0.0,24.0,33.8
1861,710614585,73.0,0.0,0.0,0.0,19.0,118.0
1901,710781947,18.0,72.0,0.0,0.0,134.0,180.0
1903,710797380,103.5,43.5,0.0,0.0,59.0,59.5
1904,710797734,34.0,41.0,0.0,0.0,59.0,69.0
1910,710816659,6.0,47.57142857142857,24.0,0.0,31.666666666666668,175.5
1912,710822892,362.0,40.0,0.0,0.0,0.0,125.0
1924,710865096,73.0,649.0,0.0,0.0,14.0,7.0
1926,710882694,68.0,43.0,0.0,0.0,375.0,81.0
1937,710926832,83.0,47.714285714285715,16.0,7.0,75.0,56.5
1976,711188548,246.0,43.0,0.0,0.0,121.0,82.0
1979,711196579,16.0,87.0,52.0,0.0,110.0,20.0
1981,711200834,19.0,219.0,13.0,0.0,8.0,60.0
1983,711207858,52.0,315.0,74.0,0.0,36.0,150.0
1984,711209439,49.0,326.0,79.0,0.0,9.0,9.0
1998,711280489,0.0,53.0,0.0,0.0,73.0,59.0
2009,711319578,0.0,69.66666666666667,39.5,0.0,47.0,126.5
2021,711372351,109.0,589.0,0.0,0.0,14.0,26.0
2022,711375853,83.0,4.0,0.0,3.0,5.0,114.0
2033,711427922,37.0,29.333333333333332,14.0,0.0,122.0,59.5
2041,711445364,165.5,78.5,0.0,0.0,79.0,61.0
2058,711490338,32.0,48.27272727272727,10.666666666666666,5.0,115.5,73.25
2067,711513525,0.0,203.5,0.0,0.0,12.0,40.0
2069,711515572,0.0,3.0,0.0,0.0,0.0,155.0
2072,711524237,119.0,97.0,188.0,0.0,50.0,66.0
2075,711535456,0.0,244.33333333333334,23.5,0.0,41.5,43.5
2081,711557725,70.0,277.6666666666667,11.0,2.0,13.5,8.0
2082,711559400,0.0,131.66666666666666,9.0,0.0,0.0,129.0
2087,711588677,0.0,171.0,0.0,0.0,67.0,37.0
2091,711606782,322.0,122.5,0.0,11.0,121.5,33.0
2101,711631635,15.0,116.0,0.0,0.0,27.0,72.0
2124,711737446,0.0,18.8,0.0,0.0,89.5,87.0
2136,711780764,90.0,84.33333333333333,23.5,0.0,26.5,60.5
2139,711802068,160.0,295.0,0.0,0.0,22.0,29.0
2146,711834968,30.0,8.0,0.0,0.0,74.0,75.0
2158,711888200,37.0,130.0,0.0,0.0,45.0,133.5
2171,711957092,56.0,71.0,14.0,0.0,57.0,60.0
2173,711969797,200.0,211.0,0.0,0.0,157.0,227.0
2193,712049336,196.5,95.2,0.0,0.0,125.0,73.5
2197,712066585,0.0,57.5,0.0,0.0,40.0,78.0
2206,712114377,0.0,1.0,0.0,0.0,143.0,65.0
2207,712115900,85.0,194.5,0.0,0.0,21.0,102.0
2220,712175331,0.0,40.0,0.0,0.0,216.0,27.0
2224,712194182,0.0,46.0,0.0,0.0,66.0,83.0
2231,712217270,196.0,4.0,0.0,0.0,142.0,19.0
2240,712260838,152.0,168.0,0.0,0.0,75.0,22.0
2250,712315423,404.0,142.0,0.0,0.0,18.0,89.0
2266,712398480,38.0,94.5,4.0,0.0,113.0,197.0
2276,712446371,0.0,68.0,0.0,0.0,77.0,126.0
2278,712453625,700.0,85.0,8.0,0.0,45.0,17.0
2279,712457837,523.0,15.333333333333334,101.0,7.0,103.33333333333333,45.333333333333336
2292,712513565,0.0,81.0,0.0,0.0,27.0,72.0
2301,712577777,17.0,20.0,9.0,0.0,269.0,8.0
2326,712677247,20.0,54.0,0.0,0.0,23.0,79.0
2355,712818739,328.0,58.0,0.0,0.0,47.0,61.0
2359,712833708,25.0,18.0,13.0,0.0,114.0,179.66666666666666
2367,712932162,132.0,175.0,0.0,0.0,102.0,94.0
2374,712984706,78.5,36.8,116.0,0.0,82.0,123.5
2380,713006360,200.5,250.0,0.0,0.0,23.5,38.5
2396,713066617,535.0,303.0,0.0,0.0,442.0,22.0
2401,713082517,37.5,179.0,0.0,0.0,85.5,40.5
2402,713082902,769.5,254.66666666666666,16.0,0.0,123.66666666666667,38.666666666666664
2406,713093260,0.0,16.5,2.0,0.0,20.0,97.0
2414,713129392,11.0,28.0,0.0,0.0,63.0,78.0
2416,713133350,261.0,139.0,0.0,0.0,410.0,227.0
2429,713203283,31.0,7.0,0.0,0.0,66.0,122.0
2453,713353071,86.0,32.333333333333336,0.0,0.0,204.5,148.5
2468,713433652,66.5,30.75,0.0,0.0,80.5,96.0
2474,713462323,0.0,8.0,6.0,0.0,89.0,69.5
2478,713490138,27.666666666666668,21.4,21.0,0.0,101.0,117.5
2501,713598835,137.0,85.0,0.0,0.0,126.0,91.0
2514,713664153,0.0,55.0,25.666666666666668,0.0,52.0,70.0
2525,713730657,499.0,19.0,45.0,0.0,188.0,47.0
2531,713747829,33.0,67.0,0.0,0.0,15.0,140.0
2533,713753150,166.0,58.0,0.0,0.0,46.0,60.0
2548,713801769,201.0,41.5,73.0,0.0,156.0,50.0
2550,713805362,0.0,89.0,0.0,0.0,38.0,75.33333333333333
2562,713884138,11.0,11.0,0.0,0.0,183.0,70.0
2575,713954662,65.0,130.0,0.0,0.0,9.0,68.0
2586,714012645,828.0,2.0,0.0,16.0,88.0,21.0
2589,714038056,445.0,99.25,0.0,0.0,169.0,43.0
2590,714040573,44.0,62.8,0.0,0.0,70.75,108.8
2602,714098610,19.5,348.0769230769231,18.0,0.0,66.66666666666667,612.75
2607,714143132,26.0,81.0,15.0,0.0,66.5,67.0
2610,714178256,0.0,17.0,0.0,0.0,64.0,121.0
2611,714180532,134.0,142.0,0.0,0.0,36.0,55.0
2623,714245624,51.5,19.0,20.5,0.0,6.0,150.25
2626,714262610,225.0,91.0,0.0,0.0,60.0,88.0
2656,714393987,738.0,125.5,0.0,0.0,314.0,54.0
2665,714444188,160.5,154.0,39.0,0.0,186.5,127.5
2669,714482659,490.0,30.4,11.0,2.0,89.0,14.0
2671,714501204,34.0,143.0,0.0,0.0,81.0,58.0
2673,714504313,0.0,5.0,0.0,0.0,0.0,125.0
2680,714532267,0.0,52.0,15.0,0.0,188.0,18.333333333333332
2687,714569146,15.0,195.0,0.0,0.0,0.0,117.0
2691,714605514,66.0,281.0,0.0,0.0,233.0,179.0
2700,714648770,43.0,37.0,0.0,0.0,85.0,64.0
2708,714692302,101.0,34.75,0.0,0.0,11.0,192.0
2713,714713290,52.5,78.5,51.0,0.0,36.5,127.0
2715,714721937,89.5,66.5,0.0,0.0,38.5,63.666666666666664
2721,714730831,58.0,4.0,0.0,0.0,88.0,75.0
2729,714774220,147.0,50.833333333333336,0.0,0.0,133.5,56.25
2734,714796324,0.0,81.28571428571429,0.0,0.0,95.2,149.16666666666666
2751,714880855,0.0,532.0,0.0,0.0,0.0,22.0
2763,714967569,1.0,135.5,0.0,0.0,104.0,83.0
2769,714977469,0.0,112.0,0.0,0.0,92.0,152.0
2771,714979499,138.0,71.0,0.0,0.0,67.0,52.0
2772,714980680,108.0,187.0,65.0,0.0,18.0,33.5
2789,715089742,61.0,107.0,0.0,0.0,132.0,29.0
2802,715195425,42.0,51.0,0.0,0.0,59.0,62.5
2833,715321516,23.0,42.0,0.0,0.0,30.0,82.0
2843,715403970,6.0,0.0,0.0,0.0,39.0,128.0
2854,715457337,17.0,68.33333333333333,32.8,0.0,77.8,51.42857142857143
2856,715464308,67.0,17.25,4.0,0.0,154.0,54.0
2873,715544852,0.0,85.0,0.0,0.0,0.0,111.0
2888,715608024,49.5,61.333333333333336,5.0,0.0,253.0,69.33333333333333
2890,715626946,0.0,161.0,86.0,0.0,133.0,112.0
2893,715637265,0.0,0.0,0.0,0.0,89.0,65.0
2894,715641455,66.0,229.0,0.0,0.0,8.0,38.0
2905,715684151,0.0,46.75,13.0,0.0,163.0,74.5
2908,715692052,373.0,221.0,0.0,0.0,341.0,110.0
2909,715693509,398.0,221.0,0.0,0.0,141.0,62.0
2937,715831811,196.0,108.66666666666667,0.0,0.0,0.0,97.0
2958,715996143,0.0,1.0,0.0,0.0,86.0,110.0
2961,716003477,0.0,146.0,0.0,0.0,0.0,127.0
2965,716023196,405.0,82.0,14.0,0.0,228.0,79.0
2966,716029929,133.0,53.8,26.0,0.0,0.0,107.0
2967,716031073,34.0,13.333333333333334,23.0,0.0,91.5,63.5
2970,716043824,0.0,21.0,0.0,0.0,64.0,139.0
2974,716081286,64.0,559.0,0.0,0.0,5.0,2.0
2996,716207690,980.0,81.0,0.0,0.0,95.0,24.0
3000,716225613,26.0,47.0,0.0,0.0,75.0,65.0
3013,716277074,25.0,7.0,0.0,0.0,70.0,79.0
3030,716388347,116.5,47.0,0.0,0.0,87.0,46.4
3034,716436521,16.0,157.0,0.0,0.0,25.0,120.0
3042,716483855,132.0,212.0,0.0,0.0,33.0,52.0
3051,716520426,69.0,171.0,0.0,7.0,79.0,150.0
3059,716555292,0.0,100.0,0.0,0.0,0.0,82.0
3070,716623765,0.0,67.0,40.5,0.0,31.0,73.0
3073,716692702,66.0,158.0,0.0,0.0,16.0,56.0
3087,716755362,124.0,132.0,0.0,0.0,59.0,89.0
3088,716759152,444.0,67.5,18.5,0.0,37.0,70.0
3095,716800681,84.0,177.0,0.0,0.0,26.0,93.0
3105,716857616,0.0,88.0,0.0,0.0,43.0,146.0
3106,716857968,110.0,22.0,56.0,7.5,68.0,76.0
3117,716908697,758.0,92.0,65.0,3.0,84.0,47.0
3122,716925428,48.8,102.88888888888889,0.0,0.0,88.83333333333333,203.42857142857142
3124,716954990,40.0,3.0,0.0,0.0,191.0,103.0
3127,716987946,68.0,15.0,0.0,0.0,121.0,78.0
3137,717039363,286.0,271.0,0.0,0.0,107.0,25.0
3147,717089438,0.0,12.0,0.0,0.0,71.0,94.0
3153,717108954,890.0,46.0,0.0,0.0,54.0,25.0
3156,717118665,45.5,73.0,18.0,0.0,41.5,99.0
3170,717191701,198.0,276.0,0.0,0.0,11.0,17.0
3175,717208644,62.0,92.0,0.0,0.0,71.0,41.0
3178,717220590,0.0,35.5,0.0,0.0,45.0,98.0
3184,717242687,0.0,136.0,0.0,0.0,0.0,80.0
3188,717291833,313.0,57.0,0.0,0.0,76.0,79.0
3190,717307437,393.0,230.0,0.0,0.0,571.0,196.0
3202,717354742,0.0,82.0,0.0,0.0,51.0,101.0
3207,717373000,20.666666666666668,42.81818181818182,29.25,0.0,12.0,88.0
3213,717407130,39.0,61.0,61.0,0.0,113.0,37.0
3227,717493100,839.0,79.0,0.0,0.0,376.0,166.0
3229,717499956,0.0,30.2,76.0,0.0,144.0,29.0
3233,717505896,41.0,38.0,0.0,0.0,130.0,346.0
3241,717551485,54.0,831.0,0.0,0.0,0.0,0.0
3252,717601123,340.0,1074.0,0.0,0.0,110.0,58.0
3290,717776855,80.0,115.66666666666667,0.0,0.0,114.0,58.0
3291,717780517,46.0,52.0,0.0,0.0,140.0,114.5
3297,717810023,0.0,10.571428571428571,0.0,0.0,48.0,325.5
3300,717817614,58.0,121.66666666666667,32.0,0.0,65.0,36.5
3306,717852957,51.0,286.0,33.0,0.0,12.0,61.0
3334,718014902,234.33333333333334,11.75,37.0,8.0,56.666666666666664,67.66666666666667
3336,718020210,49.0,370.0,0.0,0.0,30.0,30.0
3353,718168061,83.5,41.5,22.0,0.0,46.5,124.0
3356,718188828,0.0,351.0,0.0,0.0,0.0,0.0
3359,718199347,0.0,35.333333333333336,20.0,0.0,118.0,52.0
3372,718258114,56.0,130.0,0.0,0.0,31.0,119.0
3374,718276106,0.0,62.5,0.0,0.0,129.0,27.0
3394,718413470,0.0,64.77777777777777,0.0,0.0,96.0,71.2
3402,718445539,318.0,185.0,0.0,4.0,61.0,79.0
3404,718455248,167.0,9.0,0.0,0.0,339.0,56.0
3408,718468117,146.0,36.0,0.0,0.0,0.0,177.0
3422,718549144,24.0,91.75,0.0,0.0,24.5,115.0
3425,718574891,6.0,48.5,13.8,0.0,44.666666666666664,74.0
3430,718590190,75.0,120.0,0.0,0.0,35.0,81.0
3440,718663993,0.0,36.22222222222222,6.0,0.0,80.0,123.71428571428571
3452,718757082,37.0,207.0,0.0,0.0,0.0,58.0
3461,718829098,0.0,17.0,0.0,0.0,182.0,92.0
3462,718838404,0.0,0.0,0.0,0.0,0.0,539.0
3464,718842424,15.0,26.166666666666668,13.0,0.0,87.8,61.6
3469,718854277,0.0,0.0,0.0,0.0,34.0,134.0
3478,718973194,429.0,30.0,0.0,0.0,95.0,26.0
3508,719253757,12.0,106.5,79.0,0.0,135.0,151.5
3526,719328655,48.0,33.5,3.0,31.0,28.0,145.0
3531,719355535,156.0,15.5,0.0,0.0,39.5,83.5
3574,719547160,0.0,55.5,0.0,0.0,34.5,95.0
3622,719812217,271.0,97.0,0.0,0.0,52.0,52.0
3628,719853611,56.5,57.166666666666664,14.25,0.0,46.6,67.25
3647,720018032,37.0,37.5,56.0,0.0,48.0,134.0
3648,720018273,108.4,71.42857142857143,248.0,0.0,52.25,86.0
3661,720059247,774.0,18.5,0.0,0.0,56.0,21.0
3673,720073709,156.0,112.0,0.0,0.0,125.0,26.0
3674,720076126,98.0,71.5,15.0,0.0,71.0,40.0
3688,720117096,71.0,160.0,49.0,0.0,32.0,92.5
3690,720122403,0.0,70.0,0.0,0.0,0.0,141.0
3711,720178948,0.0,19.0,0.0,0.0,188.0,61.5
3719,720227388,32.0,98.0,0.0,0.0,0.0,91.0
3727,720239832,35.0,132.0,0.0,0.0,23.0,64.0
3728,720243890,19.0,35.0,0.0,0.0,130.0,65.0
3730,720249628,42.5,79.66666666666667,66.0,0.0,33.0,59.0
3737,720262801,239.0,177.0,0.0,0.0,93.0,76.0
3747,720276448,190.66666666666666,184.0,0.0,0.0,56.666666666666664,40.666666666666664
3767,720304980,181.0,6.333333333333333,0.0,0.0,223.0,5.0
3768,720310021,0.0,15.0,0.0,0.0,98.0,79.0
3771,720320311,263.0,221.0,0.0,9.0,60.0,14.0
3774,720325928,52.0,55.25,46.0,0.0,36.0,267.0
3790,720352254,79.0,48.0,0.0,0.0,186.0,54.0
3791,720353422,5.0,271.0,0.0,0.0,16.0,35.0
3796,720366165,172.0,183.0,0.0,0.0,76.0,23.0
3797,720371336,38.0,221.0,0.0,0.0,44.0,36.0
3806,720383893,819.0,166.0,0.0,17.0,133.0,47.0
3811,720394562,99.0,170.5,0.0,0.0,21.0,40.0
3839,720447155,0.0,9.0,0.0,0.0,46.0,87.0
3862,720479315,0.0,88.0,0.0,0.0,162.0,56.5
3873,720498842,0.0,0.0,0.0,0.0,12.0,171.0
3883,720527685,267.5,268.0,0.0,0.0,24.5,21.5
3895,720551071,42.5,48.333333333333336,166.0,0.0,32.0,71.0
3896,720552382,460.0,322.0,0.0,0.0,184.0,1284.0
3901,720567397,67.0,79.0,0.0,0.0,51.0,70.0
3917,720592429,528.0,77.5,0.0,0.0,237.0,202.0
3928,720605480,22.0,18.333333333333332,0.0,0.0,58.0,127.0
3943,720629109,32.5,58.72727272727273,21.0,0.0,106.5,103.25
3950,720646225,94.0,167.0,0.0,0.0,242.0,246.0
3954,720651448,377.0,88.0,0.0,8.0,22.0,158.0
3956,720660994,0.0,22.0,0.0,0.0,0.0,188.0
3968,720679666,0.0,18.0,12.0,0.0,101.0,51.0
3970,720684753,123.0,73.0,11.0,0.0,157.0,139.5
3975,720692182,178.0,308.0,0.0,5.0,0.0,0.0
3978,720701077,175.0,3.0,0.0,0.0,29.0,109.0
3981,720708751,124.33333333333333,79.45454545454545,18.0,6.0,75.0,60.666666666666664
3988,720724793,40.0,192.0,0.0,0.0,11.0,69.0
3992,720734424,0.0,6.0,0.0,0.0,40.0,93.0
3996,720738404,125.0,67.0,0.0,0.0,56.0,51.0
3997,720739718,108.5,30.0,50.0,0.0,22.0,74.5
3998,720748544,12.0,7.0,30.0,0.0,135.0,421.0
4002,720751145,55.0,436.0,0.0,0.0,0.0,50.0
4004,720754141,11.0,44.5,30.0,0.0,45.0,136.0
4013,720761169,441.0,62.0,0.0,5.0,70.0,68.0
4018,720769889,12.0,17.0,0.0,0.0,5.0,121.0
4037,720797633,0.0,716.5,0.0,0.0,2.0,3.0
4046,720817431,9.0,102.0,0.0,0.0,38.0,74.0
4048,720818625,0.0,7.0,0.0,0.0,100.0,76.0
4049,720819009,8.0,579.0,0.0,0.0,0.0,0.0
4068,720850484,0.0,125.0,0.0,0.0,136.0,109.0
4072,720855106,130.0,7.0,0.0,0.0,64.0,94.0
4085,720880788,342.0,40.333333333333336,0.0,0.0,38.0,92.0
4091,720888152,160.5,55.25,0.0,0.0,83.0,83.0
4093,720889519,166.0,31.75,0.0,0.0,546.0,47.0
4094,720891840,199.0,556.0,0.0,0.0,48.0,57.0
4098,720897457,924.0,81.66666666666667,0.0,0.0,441.0,27.0
4100,720906057,229.5,139.0,0.0,7.0,93.0,91.0
4103,720910990,19.0,30.0,19.0,0.0,36.0,90.0
4119,720939894,0.0,48.0,14.0,0.0,90.0,46.0
4130,720968171,32.0,116.0,0.0,0.0,51.0,135.0
4132,720970790,4.0,28.5,15.0,0.0,103.75,69.75
4139,720977054,0.0,118.0,0.0,0.0,20.0,64.0
4150,721104720,0.0,346.0,0.0,0.0,0.0,0.0
4153,721112306,173.5,143.0,0.0,20.0,76.0,60.5
4167,721138454,15.0,50.0,0.0,0.0,203.0,35.0
4176,721152455,81.0,129.0,13.0,8.0,148.75,14.5
4177,721152545,167.0,24.0,0.0,0.0,36.0,101.0
4207,721228646,12.0,36.5,0.0,0.0,85.0,200.0
4209,721233151,0.0,336.0,0.0,0.0,0.0,3.0
4217,721242048,376.0,23.666666666666668,0.0,0.0,115.0,49.0
4225,721250994,0.0,27.666666666666668,2.0,0.0,59.0,97.5
4232,721261944,298.0,21.0,0.0,0.0,34.0,67.0
4236,721266911,332.0,72.0,8.5,0.0,80.0,75.5
4243,721280269,190.5,32.0,27.0,0.0,66.5,57.0
4269,721311259,26.0,26.8,0.0,0.0,168.5,69.5
4273,721316535,284.0,157.0,0.0,0.0,53.0,15.0
4274,721319848,506.0,124.0,37.0,0.0,86.0,49.0
4288,721344344,103.5,92.4,22.666666666666668,0.0,63.0,74.66666666666667
4297,721352527,154.0,126.5,0.0,0.0,64.0,35.0
4299,721354658,7.0,209.0,43.0,0.0,102.0,101.0
4301,721356163,276.0,49.333333333333336,4.0,0.0,171.0,65.0
4305,721363039,173.0,98.41379310344827,101.0,0.0,46.333333333333336,31.666666666666668
4307,721379337,3.0,63.0,0.0,0.0,39.0,111.0
4313,721388941,0.0,43.0,0.0,0.0,18.0,172.0
4334,721422461,19.5,27.333333333333332,0.0,0.0,79.0,86.0
4355,721466163,468.0,123.0,0.0,0.0,138.0,46.0
4395,721527092,2.0,64.5,0.0,0.0,15.5,100.0
4396,721527589,59.75,125.16666666666667,52.0,0.0,60.0,72.33333333333333
4432,721566269,198.5,43.0,0.0,0.0,347.5,121.5
4444,721583684,222.0,25.0,0.0,0.0,63.0,89.0
4446,721587264,77.0,174.0,0.0,0.0,51.0,45.0
4463,721599727,18.0,94.0,0.0,0.0,22.0,86.0
4475,721617461,527.0,105.66666666666667,16.0,0.0,232.0,267.0
4478,721619846,8.0,44.0,14.0,0.0,76.0,60.333333333333336
4484,721641501,140.0,31.625,196.0,0.0,373.0,0.0
4485,721641856,169.0,32.5,22.0,0.0,151.0,131.0
4488,721649513,0.0,39.333333333333336,0.0,0.0,213.5,54.0
4498,721661104,393.0,66.0,0.0,0.0,87.0,31.0
4500,721664284,6.5,90.9090909090909,0.0,0.0,0.0,141.0
4531,721725328,363.0,245.5,0.0,0.0,261.0,232.0
4533,721725598,199.66666666666666,44.0,0.0,0.0,63.0,184.0
4534,721727100,0.0,43.0,0.0,0.0,173.0,27.0
4536,721737316,0.0,284.0,0.0,0.0,191.0,112.0
4539,721738771,1366.0,81.75,14.0,0.0,117.0,49.5
4541,721741981,44.0,128.0,0.0,6.0,30.0,88.0
4552,721758062,0.0,17.0,0.0,0.0,84.0,69.0
4566,721778870,15.0,96.0,91.0,0.0,64.0,122.0
4571,721788910,161.0,503.0,0.0,0.0,0.0,0.0
4579,721792736,3.0,568.0,0.0,0.0,155.0,86.0
4588,721804969,13.0,435.0,11.0,0.0,23.0,10.0
4592,721807964,0.0,463.3333333333333,0.0,0.0,28.0,20.0
4602,721821344,96.0,60.666666666666664,7.0,0.0,24.0,122.0
4612,721833398,7.0,4.5,13.0,0.0,21.0,98.0
4613,721835782,67.0,0.0,0.0,0.0,99.0,72.0
4617,721843101,0.0,0.0,0.0,0.0,0.0,147.0
4620,721846148,76.0,24.5,76.0,0.0,101.0,126.0
4623,721849984,255.0,140.0,0.0,0.0,131.0,211.0
4629,721861360,124.0,190.0,0.0,0.0,22.0,46.0
4630,721866053,0.0,52.0,0.0,0.0,33.0,96.0
4634,721868801,324.3333333333333,114.0,44.5,0.0,34.333333333333336,50.666666666666664
4647,721888596,44.333333333333336,48.0,16.75,0.0,171.5,121.0
4652,721894351,14.0,65.25,0.0,0.0,43.0,127.0
4654,721897671,130.0,304.0,45.0,0.0,7.0,1.0
4657,721903003,98.0,67.0,0.0,6.0,25.0,98.0
4659,721906606,0.0,143.5,19.0,0.0,28.0,79.0
4682,721945239,149.0,61.0,0.0,0.0,106.0,64.0
4683,721950332,1076.0,74.25,0.0,0.0,28.0,56.0
4684,721951188,0.0,7.0,0.0,0.0,137.0,36.0
4686,721956810,948.0,113.0,0.0,0.0,98.0,10.0
4687,721957526,16.0,50.75,37.0,0.0,95.5,113.5
4691,721962875,0.0,13.0,0.0,0.0,231.0,35.0
4707,721993652,4.0,74.66666666666667,22.0,0.0,0.0,91.0
4708,721996594,0.0,120.0,0.0,0.0,40.0,62.0
4712,722101155,25.0,35.0,8.0,0.0,54.5,177.5
4713,722103010,165.0,460.0,25.0,0.0,195.0,349.0
4727,722119947,0.0,19.0,0.0,0.0,177.0,86.0
4754,722157898,32.0,6.0,0.0,0.0,319.0,171.0
4769,722213251,18.5,435.5,15.333333333333334,0.0,38.0,107.0
4793,722238349,0.0,83.0,16.0,0.0,162.5,63.5
4838,722295407,0.0,98.5,0.0,0.0,33.5,63.5
4840,722298900,0.0,377.0,41.0,0.0,0.0,0.0
4845,722301997,0.0,49.0,0.0,0.0,47.0,116.0
4868,722326051,73.0,3.0,6.0,0.0,83.0,68.0
4870,722327234,90.5,92.0,93.0,0.0,93.5,41.5
4871,722328143,8.0,59.75,0.0,0.0,386.5,42.5
4874,722331497,199.0,257.3333333333333,34.5,11.0,37.0,13.0
4910,722350105,27.0,398.0,0.0,0.0,12.0,6.0
4911,722350861,0.0,42.0,21.0,0.0,20.0,89.0
4917,722361126,376.0,194.0,0.0,0.0,10.0,14.0
4931,722375349,45.0,15.0,0.0,0.0,79.0,65.0
4933,722376868,108.0,57.0,18.333333333333332,0.0,111.0,63.0
4935,722379960,619.0,153.66666666666666,0.0,0.0,38.0,14.0
4943,722386351,0.0,83.0,0.0,0.0,95.0,68.0
4963,722407640,31.0,33.0,0.0,0.0,68.0,91.0
4967,722411733,113.0,176.0,0.0,0.0,0.0,49.0
4968,722411830,0.0,72.0,0.0,0.0,41.5,71.0
4981,722427211,94.66666666666667,69.0,24.0,0.0,45.333333333333336,74.33333333333333
4987,722431995,170.0,82.33333333333333,15.0,5.0,45.0,67.5
4990,722434668,0.0,22.0,0.0,0.0,0.0,234.0
5000,722442725,64.5,86.66666666666667,18.0,0.0,19.0,86.0
5003,722445015,33.0,17.0,0.0,0.0,41.0,188.0
5006,722447519,0.0,28.5,0.0,0.0,29.0,142.0
5013,722454162,9.0,281.0,0.0,0.0,3.0,40.0
5018,722461305,16.0,83.0,0.0,0.0,208.0,210.0
5020,722462308,40.0,14.0,11.0,0.0,189.0,117.0
5025,722465259,90.0,130.0,0.0,0.0,214.0,253.0
5045,722481489,13.0,37.5,0.0,0.0,137.0,54.0
5052,722485748,231.0,71.88888888888889,0.0,13.0,36.0,44.5
5068,722504566,111.0,56.5,0.0,0.0,37.0,69.0
5085,722525579,59.0,51.0,17.0,0.0,64.0,82.0
5088,722526053,76.0,52.5,47.0,0.0,12.0,81.0
5095,722538325,9.0,3.5,0.0,0.0,85.0,164.0
5096,722539505,166.0,195.0,0.0,0.0,173.0,103.5
5128,722570136,602.0,92.0,0.0,13.0,242.0,68.0
5145,722589707,0.0,195.0,0.0,0.0,55.0,47.0
5166,722608806,13.0,227.0,0.0,0.0,24.0,79.0
5172,722616448,0.0,115.0,0.0,0.0,48.0,152.0
5180,722625738,21.0,520.0,35.0,0.0,0.0,0.0
5183,722632798,63.0,60.5,0.0,0.0,27.0,83.0
5189,722635498,150.0,34.0,0.0,0.0,157.0,49.0
5193,722637174,372.0,186.0,0.0,17.0,203.0,233.0
5199,722642741,432.0,228.0,70.0,0.0,44.0,18.0
5202,722644701,57.0,200.0,0.0,0.0,44.0,30.0
5204,722649064,0.0,332.0,0.0,0.0,0.0,91.0
5205,722649520,0.0,25.0,0.0,0.0,38.0,167.0
5217,722662280,20.0,59.0,0.0,0.0,35.0,94.0
5218,722662738,373.0,108.0,0.0,0.0,55.0,87.0
5220,722664212,66.5,78.53846153846153,66.125,0.0,25.0,75.5
5234,722676620,80.0,59.0,0.0,0.0,19.0,132.0
5246,722684557,142.0,255.0,0.0,0.0,54.0,26.0
5250,722689305,47.0,48.42857142857143,0.0,0.0,31.0,109.0
5254,722692333,250.0,10.0,0.0,0.0,42.0,197.0
5258,722695721,118.0,0.0,0.0,8.0,88.0,55.0
5280,722710633,105.0,82.0,0.0,0.0,86.0,52.333333333333336
5295,722716458,0.0,401.0,0.0,0.0,0.0,0.0
5302,722721895,0.0,9.0,0.0,0.0,0.0,267.0
5304,722725068,0.0,24.0,0.0,0.0,59.0,77.0
5312,722731890,145.0,250.5,77.0,0.0,57.0,20.0
5324,722739013,59.0,86.0,0.0,0.0,71.0,56.0
5356,722762871,110.0,395.0,0.0,0.0,0.0,10.0
5361,722765883,120.0,51.0,0.0,7.0,201.0,43.0
5363,722769197,0.0,675.0,23.0,0.0,0.0,0.0
5366,722770856,11.0,105.0,0.0,0.0,62.0,137.0
5393,722788565,17.0,64.5,0.0,0.0,210.0,51.0
5394,722789341,51.0,109.0,0.0,0.0,126.5,114.5
5421,722814843,45.5,119.66666666666667,13.0,0.0,5.5,68.66666666666667
5423,722816037,127.0,60.0,0.0,0.0,65.0,247.0
5426,722817769,556.0,293.0,0.0,0.0,32.0,3.0
5431,722822369,343.0,628.0,0.0,0.0,0.0,0.0
5436,722828049,389.0,12.0,0.0,0.0,119.0,18.0
5446,722833136,0.0,37.0,0.0,0.0,42.0,118.0
5461,722843794,112.0,236.0,0.0,0.0,88.0,4.0
5484,722860315,0.0,6.0,0.0,0.0,11.0,117.0
5489,722862498,480.0,82.0,0.0,0.0,120.0,46.0
5490,722864565,50.0,15.666666666666666,50.0,0.0,74.0,76.0
5502,722874471,1422.0,5.0,0.0,0.0,118.0,15.0
5508,722881846,580.0,17.0,0.0,0.0,8.0,72.0
5534,722900686,114.0,118.0,47.0,0.0,143.0,179.0
5543,722914330,612.0,29.0,0.0,0.0,74.0,30.0
5554,722927985,30.0,0.0,0.0,0.0,62.0,82.0
5555,722930864,94.0,152.33333333333334,0.0,9.0,51.0,133.0
5583,722966028,154.5,98.0,23.0,0.0,52.5,54.0
5599,722981722,0.0,36.75,19.0,0.0,38.0,95.0
5600,722982334,172.0,34.0,0.0,0.0,12.0,121.0
5612,722992090,0.0,28.666666666666668,0.0,0.0,211.0,45.0
5626,723030039,0.0,391.0,0.0,0.0,0.0,75.0
5645,723072524,93.0,1.0,0.0,0.0,10.0,189.0
5648,723076312,62.0,39.0,26.0,0.0,10.0,85.0
5657,723091622,0.0,31.0,0.0,0.0,91.0,70.66666666666667
5660,723099439,39.0,149.0,0.0,0.0,27.0,135.0
5675,723139741,12.0,125.0,0.0,0.0,56.0,56.0
5682,723156622,0.0,324.0,5.0,0.0,0.0,156.0
5683,723158621,333.0,30.0,0.0,0.0,115.0,142.0
5687,723171930,27.0,29.0,22.0,0.0,30.0,102.5
5692,723179306,4.0,35.0,3.0,0.0,129.5,94.66666666666667
5727,723262223,127.0,46.0,0.0,6.0,144.0,492.0
5729,723265307,102.0,21.0,0.0,32.0,223.0,62.0
5744,723304362,392.5,11.25,26.0,0.0,164.5,23.5
5746,723308396,0.0,3.0,0.0,0.0,162.0,67.0
5749,723314658,90.0,76.0,0.0,0.0,54.0,181.0
5755,723330116,86.0,43.5,39.0,0.0,67.0,56.5
5758,723340100,66.0,18.0,0.0,0.0,40.0,82.0
5763,723350159,949.0,152.0,0.0,5.0,57.0,44.0
5767,723361166,248.0,460.0,0.0,0.0,59.0,114.0
5768,723362048,33.666666666666664,60.2,0.0,0.0,255.0,35.0
5775,723374483,67.5,49.5,87.0,0.0,125.0,45.0
5784,723394084,0.0,127.0,0.0,0.0,231.0,67.0
5818,723450546,141.0,22.0,17.0,5.0,32.0,181.0
5825,723463349,118.0,14.0,0.0,0.0,176.0,39.0
5851,723511026,148.0,123.0,30.0,0.0,57.0,130.0
5852,723512877,151.0,388.6666666666667,0.0,0.0,0.0,0.0
5878,723574011,126.0,91.5,40.0,0.0,91.0,72.0
5880,723577828,68.0,74.5,25.0,0.0,49.0,74.0
5897,723623852,50.0,587.0,0.0,0.0,6.0,13.0
5899,723631245,393.0,26.0,0.0,0.0,74.0,42.0
5912,723657652,0.0,43.0,0.0,0.0,53.0,72.0
5917,723664499,44.0,10.0,0.0,0.0,90.0,99.0
5928,723675886,1493.0,57.0,25.0,0.0,0.0,0.0
5932,723684250,83.0,41.0,0.0,0.0,45.0,74.0
5935,723694582,4.0,60.0,0.0,0.0,32.0,105.0
5936,723695181,73.0,169.0,0.0,3.0,26.0,39.0
5942,723700547,178.5,55.0,22.0,0.0,29.0,270.0
5946,723703721,597.0,254.0,0.0,0.0,0.0,0.0
5954,723716899,46.0,79.33333333333333,17.5,0.0,45.0,98.5
5955,723717752,0.0,50.0,0.0,0.0,34.0,101.0
5966,723732500,0.0,110.33333333333333,0.0,0.0,131.0,178.0
5982,723769004,0.0,77.5,0.0,0.0,129.0,74.5
5985,723773671,82.0,67.5,0.0,0.0,86.0,67.5
5988,723782395,42.5,204.33333333333334,13.0,0.0,26.0,83.66666666666667
5997,723794305,6.0,38.5,0.0,0.0,0.0,268.0
5999,723801143,15.0,55.75,15.0,0.0,93.0,56.666666666666664
6002,723808089,66.0,91.5,0.0,0.0,35.0,75.0
6005,723820894,0.0,15.0,0.0,0.0,61.0,151.0
6006,723820939,367.0,127.0,0.0,0.0,86.5,91.0
6007,723821537,451.0,64.0,0.0,6.0,66.0,78.0
6008,723821950,0.0,45.5,0.0,0.0,249.0,98.0
6025,723850218,230.0,18.75,0.0,0.0,99.0,106.0
6029,723866943,316.0,0.0,0.0,0.0,129.0,159.0
6035,723878268,187.0,198.0,0.0,0.0,61.0,35.0
6076,723977126,77.0,35.45454545454545,0.0,0.0,462.2,97.0
6078,723984109,562.0,35.25,0.0,8.0,281.0,128.0
6089,724000860,292.0,12.5,0.0,0.0,146.0,44.0
6102,724035641,15.0,33.8,25.0,0.0,81.66666666666667,57.625
6104,724037493,0.0,413.0,0.0,0.0,0.0,0.0
6113,724069784,782.0,148.0,0.0,0.0,184.0,131.0
6120,724086420,9.5,71.66666666666667,0.0,0.0,45.0,89.0
6127,724098889,67.0,0.0,0.0,5.0,80.0,64.0
6130,724110846,4.0,40.0,0.0,0.0,36.0,91.0
6138,724125505,0.0,16.5,33.0,0.0,0.0,133.0
6140,724127231,201.0,25.0,0.0,0.0,112.5,99.5
6141,724129521,0.0,51.0,0.0,0.0,32.0,89.0
6156,724163635,8.0,121.0,0.0,0.0,219.0,67.0
6160,724171204,92.0,272.0,0.0,15.0,43.0,36.0
6161,724172067,65.0,212.0,0.0,0.0,103.0,167.0
6164,724200449,0.0,522.0,0.0,0.0,0.0,0.0
6166,724206815,27.666666666666668,50.208333333333336,48.0,0.0,35.5,151.0
6177,724222590,344.0,102.0,0.0,0.0,124.0,27.0
6182,724227897,0.0,46.0,0.0,0.0,146.0,90.0
6201,724280901,79.0,273.0,0.0,0.0,0.0,133.0
6207,724289783,140.0,290.6666666666667,30.0,0.0,57.0,156.0
6216,724314986,0.0,62.666666666666664,16.0,0.0,0.0,93.0
6219,724323519,239.0,183.0,50.0,0.0,77.0,45.0
6221,724326018,26.0,37.0,0.0,0.0,119.0,44.0
6224,724336095,101.0,184.0,32.5,0.0,67.0,52.5
6239,724369730,24.0,4.0,0.0,0.0,22.0,123.0
6242,724375167,133.0,180.0,18.0,0.0,18.0,59.0
6254,724398841,8.0,72.0,0.0,0.0,25.0,106.0
6257,724400475,139.0,103.0,68.0,0.0,69.5,75.0
6264,724411027,0.0,261.0,8.0,0.0,0.0,311.0
6282,724455884,158.0,74.0,0.0,0.0,38.0,82.0
6286,724464029,39.0,474.0,0.0,0.0,7.0,11.0
6291,724490034,129.0,115.0,0.0,0.0,62.0,100.0
6292,724490741,0.0,57.0,0.0,0.0,39.0,71.0
6298,724500074,45.0,64.5,19.0,0.0,17.0,131.0
6305,724512555,547.0,223.0,35.0,0.0,11.0,49.0
6316,724538127,26.5,44.666666666666664,0.0,0.0,181.5,107.0
6324,724546597,369.0,28.0,14.0,0.0,64.0,85.0
6325,724551232,85.0,24.0,0.0,0.0,27.0,88.0
6326,724552305,0.0,112.0,0.0,0.0,55.0,412.0
6331,724562055,40.0,83.33333333333333,22.0,0.0,36.5,92.0
6340,724583028,175.0,112.0,0.0,0.0,51.0,233.0
6345,724589037,0.0,339.0,0.0,0.0,30.0,311.0
6347,724591546,72.0,80.0,36.0,0.0,83.5,60.0
6352,724600306,0.0,70.0,0.0,0.0,26.0,86.0
6362,724628619,211.0,86.0,12.0,0.0,70.5,76.5
6379,724654137,2.0,417.57142857142856,39.0,0.0,0.0,4.5
6425,724781441,0.0,60.0,0.0,0.0,0.0,148.0
6461,724864716,339.0,112.0,0.0,0.0,57.0,33.0
6462,724865633,0.0,0.0,0.0,0.0,109.0,92.0
6470,724883804,165.0,83.0,0.0,16.0,82.0,199.0
6474,724892102,310.0,26.0,0.0,0.0,53.0,57.0
6477,724900089,704.6666666666666,142.0909090909091,70.6,0.0,106.16666666666667,72.5
6482,724911640,0.0,6.0,0.0,0.0,20.0,133.0
6493,724944041,0.0,91.0,0.0,0.0,62.0,66.0
6498,724954957,229.0,3.5,0.0,0.0,155.0,53.0
6502,724958450,143.0,38.0,0.0,0.0,379.0,6.0
6513,724991975,48.0,189.0,0.0,0.0,8.0,43.0
6517,725001109,52.0,181.0,0.0,0.0,111.0,17.0
6518,725001680,19.5,14.5,0.0,0.0,51.0,83.0
6520,725008906,66.0,98.0,0.0,4.0,7.0,86.0
6522,725016647,55.4,136.125,12.0,0.0,63.666666666666664,37.333333333333336
6533,725043888,66.0,246.0,0.0,0.0,49.0,111.0
6550,725085184,143.0,3.0,0.0,0.0,0.0,120.0
6553,725089531,10.5,71.25,17.0,0.0,39.0,101.0
6562,725125632,167.5,136.0,0.0,0.0,35.5,42.25
6563,725126583,48.0,47.45454545454545,0.0,5.0,87.0,77.33333333333333
6583,725179186,6.0,91.0,0.0,0.0,24.0,98.0
6594,725233321,152.0,117.0,38.5,0.0,29.666666666666668,59.666666666666664
6602,725246431,383.0,79.0,0.0,0.0,128.0,61.0
6620,725273203,83.0,105.66666666666667,0.0,0.0,57.0,277.0
6625,725278924,50.0,13.5,124.0,0.0,12.0,94.0
6644,725326455,0.0,0.0,0.0,0.0,256.0,10.0
6649,725348116,0.0,141.0,0.0,0.0,157.0,42.0
6658,725368011,274.0,14.0,0.0,0.0,195.0,33.0
6659,725369867,102.0,26.0,0.0,0.0,15.0,97.0
6661,725374675,0.0,81.0,0.0,0.0,104.0,71.0
6664,725388573,296.0,6.0,0.0,0.0,70.0,82.0
6669,725399188,80.5,24.333333333333332,36.0,0.0,60.0,61.0
6671,725400757,0.0,171.0,0.0,0.0,31.0,51.0
6673,725402277,32.5,33.0,14.0,0.0,56.0,164.0
6674,725404930,0.0,30.0,4.0,0.0,25.0,137.0
6684,725429612,0.0,41.0,0.0,0.0,141.0,48.0
6690,725445287,5.0,16.0,0.0,0.0,0.0,106.0
6692,725449465,0.0,51.0,0.0,0.0,50.0,97.0
6716,725492745,0.0,36.0,0.0,0.0,90.0,162.0
6717,725493243,193.5,81.2,28.0,0.0,87.5,169.0
6722,725507920,6.0,341.0,0.0,0.0,4.0,2.0
6726,725513578,87.0,54.142857142857146,39.0,0.0,38.0,79.0
6732,725528854,0.0,436.75,0.0,0.0,0.0,0.0
6746,725582615,160.0,284.0,0.0,0.0,116.0,110.0
6749,725584153,567.5,46.0,0.0,0.0,484.5,249.0
6750,725585218,37.0,26.0,20.0,5.0,40.0,119.0
6757,725618752,25.0,425.0,0.0,0.0,17.0,15.0
6781,725677800,648.0,72.0,0.0,4.0,230.0,77.0
6792,725693729,5.0,30.0,36.0,0.0,43.0,142.66666666666666
6793,725696500,98.0,524.0,0.0,0.0,30.0,29.0
6803,725706015,84.0,16.5,0.0,0.0,101.0,71.0
6808,725713620,36.0,57.0,0.0,0.0,98.0,53.0
6812,725716381,21.0,173.4,0.0,0.0,189.0,65.0
6815,725722008,368.3333333333333,61.0,48.0,0.0,127.0,40.333333333333336
6816,725726354,37.0,169.0,0.0,0.0,78.0,156.0
6841,725791725,26.5,74.0,0.0,0.0,33.0,70.5
6859,725836087,619.0,657.0,0.0,0.0,158.0,80.0
6862,725843260,295.0,71.0,0.0,0.0,98.0,59.0
6867,725856965,293.0,154.0,0.0,24.0,68.0,7.0
6872,725882875,423.6666666666667,55.857142857142854,0.0,0.0,60.666666666666664,32.0
6876,725887906,51.0,67.0,0.0,0.0,87.0,136.0
6878,725900113,0.0,494.0,0.0,0.0,0.0,0.0
6885,725914129,1178.0,265.0,0.0,0.0,26.0,7.0
6886,725915894,96.5,105.66666666666667,18.5,0.0,30.5,54.0
6906,725957300,66.0,123.0,0.0,0.0,58.0,144.0
6910,725964316,92.0,42.666666666666664,0.0,0.0,48.333333333333336,144.33333333333334
6925,725999053,69.0,115.0,0.0,3.0,79.0,40.0
6928,726002909,0.0,3.0,0.0,0.0,184.0,126.0
6930,726020889,173.0,222.0,24.0,14.0,23.0,28.0
6941,726069767,0.0,2.5,29.0,0.0,230.0,176.0
6943,726070510,9.0,2.0,0.0,0.0,126.0,76.0
6960,726150074,54.0,216.0,45.0,0.0,12.0,78.0
6961,726150177,266.0,322.0,0.0,0.0,38.0,77.0
6988,726221370,58.75,136.75,42.5,0.0,32.0,59.333333333333336
6990,726237987,290.5,192.5,0.0,19.0,136.5,184.5
6991,726238233,0.0,29.5,124.0,0.0,19.0,85.0
7000,726257052,46.0,62.0,0.0,0.0,28.0,72.0
7007,726263957,84.0,513.0,31.0,5.0,137.0,234.0
7015,726285651,249.0,1.0,0.0,0.0,174.0,6.0
7026,726305400,9.0,72.71428571428571,11.5,0.0,46.0,126.0
7053,726381285,19.0,127.5,40.0,0.0,86.0,75.5
7057,726390773,26.5,61.5,0.0,0.0,52.0,64.5
7058,726392504,25.0,108.66666666666667,0.0,0.0,60.0,164.0
7062,726394561,186.0,105.0,0.0,0.0,41.0,88.0
7073,726414798,46.0,38.0,0.0,0.0,200.0,10.0
7085,726458705,0.0,32.0,0.0,0.0,158.0,139.0
7088,726480806,16.0,24.0,0.0,0.0,58.0,78.0
7089,726480944,98.0,382.0,39.0,0.0,45.0,40.0
7101,726526219,25.666666666666668,22.0,8.5,0.0,82.0,67.0
7109,726539413,164.0,3.0,0.0,0.0,60.0,63.0
7116,726559031,0.0,61.5,29.5,0.0,0.0,140.0
7129,726595748,0.0,83.5,14.0,0.0,44.0,102.0
7130,726596829,0.0,9.0,0.0,0.0,79.0,98.0
7131,726602169,0.0,72.0,0.0,0.0,82.0,92.0
7133,726606688,45.0,71.0,0.0,0.0,108.0,46.0
7137,726620638,0.0,16.0,70.0,0.0,77.0,138.0
7153,726657399,0.0,337.6,18.0,0.0,125.5,96.5
7154,726662778,63.0,42.75,0.0,0.0,93.0,67.0
7157,726675897,34.0,109.0,77.0,0.0,74.5,51.5
7163,726702651,7.0,242.0,19.0,0.0,42.0,37.0
7182,726756109,395.0,417.0,0.0,0.0,44.0,42.0
7189,726779796,78.0,140.0,0.0,0.0,104.0,11.0
7201,726831063,790.0,69.0,0.0,0.0,105.0,17.333333333333332
7204,726836145,260.0,131.0,0.0,0.0,97.0,36.0
7205,726837953,0.0,357.0,0.0,0.0,0.0,254.0
7206,726842091,126.0,43.5,29.0,0.0,118.0,39.0
7220,726901688,0.0,343.0,0.0,0.0,0.0,56.0
7221,726905037,59.333333333333336,29.8,26.0,0.0,78.8,61.8
7222,726911270,40.0,78.0,0.0,0.0,72.0,61.0
7232,726939937,0.0,52.0,0.0,0.0,16.0,139.0
7240,726968883,380.0,216.0,0.0,0.0,142.0,71.0
7243,726976014,37.0,41.9,0.0,0.0,76.0,78.0
7246,726982217,37.333333333333336,63.75,0.0,0.0,312.0,110.0
7252,726990754,18.0,36.0,0.0,0.0,107.0,138.0
7253,726991624,0.0,43.0,0.0,0.0,42.0,81.0
7258,727001137,0.0,28.0,27.0,0.0,27.0,99.0
7259,727006116,142.0,45.0,24.75,0.0,63.5,53.0
7267,727019854,261.0,69.0,0.0,0.0,93.0,134.0
7285,727061775,24.0,103.0,32.0,0.0,57.0,70.5
7293,727079881,134.0,54.333333333333336,20.0,0.0,52.5,55.5
7297,727097716,49.0,0.0,0.0,0.0,63.0,87.0
7305,727107907,215.5,261.57142857142856,63.0,0.0,90.0,58.0
7309,727115363,211.0,191.0,0.0,0.0,76.0,87.0
7317,727140059,851.0,276.25,38.0,2.0,335.0,105.0
7351,727261908,0.0,60.0,0.0,0.0,0.0,98.0
7362,727303256,300.0,57.0,29.0,0.0,188.0,130.0
7371,727319991,993.0,195.4,0.0,0.0,116.0,71.0
7375,727335204,80.0,58.0,0.0,0.0,74.0,161.0
7382,727348409,0.0,21.0,0.0,0.0,35.0,123.0
7390,727368790,38.0,15.0,0.0,0.0,172.0,93.0
7399,727402154,6.0,19.5,33.0,0.0,123.0,37.0
7406,727444701,82.0,124.0,0.0,0.0,111.0,100.0
7408,727455300,557.0,21.333333333333332,12.0,0.0,46.0,80.5
7429,727505201,108.0,9.5,0.0,5.0,135.0,113.0
7437,727529447,0.0,0.0,0.0,0.0,81.0,86.0
7438,727537337,126.5,54.5,0.0,0.0,87.0,65.0
7440,727538214,273.0,84.33333333333333,18.0,3.0,38.0,74.0
7451,727576634,0.0,38.5,19.5,0.0,0.0,359.0
7466,727626032,41.0,46.0,19.0,0.0,21.0,81.0
7469,727630503,51.5,34.57142857142857,0.0,0.0,84.0,71.0
7474,727656159,484.0,184.5,0.0,6.0,67.0,16.0
7477,727668277,475.0,129.5,18.0,0.0,71.0,142.0
7488,727700556,115.0,657.6666666666666,64.0,0.0,59.0,81.0
7501,727724236,140.0,27.181818181818183,45.0,0.0,46.0,85.25
7505,727742168,140.0,60.0,0.0,0.0,45.0,65.0
7506,727743313,81.0,221.0,0.0,0.0,36.0,27.0
7509,727746861,34.0,202.0,32.0,0.0,47.0,39.0
7518,727780647,45.0,19.0,0.0,0.0,20.0,98.0
7523,727797743,84.5,46.0,0.0,0.0,71.0,100.0
7530,727823646,223.0,42.0,11.0,0.0,71.0,69.0
7531,727824724,1002.0,73.0,0.0,0.0,195.0,105.0
7535,727836189,10.0,36.0,0.0,0.0,83.0,102.0
7541,727860988,108.0,212.5,206.0,0.0,136.5,40.0
7543,727870382,732.0,79.8,22.0,0.0,266.0,208.0
7558,727917014,0.0,0.0,0.0,0.0,0.0,210.0
7563,727936222,2.0,86.0,0.0,0.0,209.0,42.0
7564,727938874,953.0,242.5,167.0,4.0,23.0,47.0
7584,727994478,199.0,67.0,0.0,19.0,122.0,39.0
7603,728077499,50.0,72.33333333333333,27.0,0.0,53.0,53.0
7613,728098491,20.0,34.0,11.0,0.0,133.0,173.0
7614,728100210,0.0,58.5,138.0,0.0,47.0,60.0
7620,728121788,10.0,91.0,0.0,0.0,97.0,137.0
7621,728124703,0.0,5.5,0.0,0.0,51.0,213.0
7635,728179999,0.0,53.0,0.0,0.0,73.0,109.0
7636,728205149,724.0,88.125,12.333333333333334,0.0,303.0,21.166666666666668
7642,728231469,54.0,248.0,3.0,6.0,37.0,9.0
7645,728241079,195.5,31.5,0.0,32.5,116.0,28.0
7649,728267519,289.0,75.0,17.0,0.0,48.0,42.0
7650,728282608,0.0,47.333333333333336,7.0,0.0,50.5,69.5
7656,728299548,553.5,82.57692307692308,28.833333333333332,13.0,63.0,43.38095238095238
7661,728312550,5.0,182.0,14.0,0.0,33.0,48.0
7663,728318837,18.0,53.75,7.5,0.0,26.333333333333332,111.33333333333333
7667,728348790,29.0,27.25,1.0,0.0,144.0,56.75
7671,728364845,1143.0,46.888888888888886,52.0,0.0,30.0,20.0
7673,728368902,404.0,59.75,0.0,0.0,125.0,56.0
7674,728371143,43.0,253.0,0.0,0.0,46.0,70.0
7694,728437171,0.0,18.6,11.0,0.0,42.0,139.0
7696,728448268,22.0,36.0,0.0,0.0,123.0,109.0
7703,728492940,0.0,46.5,37.0,0.0,0.0,161.0
7705,728508184,14.0,491.0,14.0,0.0,2.0,3.0
7717,728581518,249.0,103.5,0.0,0.0,146.0,180.0
7724,728604469,23.0,64.33333333333333,0.0,0.0,39.5,87.66666666666667
7726,728613927,33.0,0.0,0.0,0.0,65.0,144.0
7733,728657700,0.0,11.5,0.0,0.0,148.0,45.0
7745,728693331,25.0,103.0,0.0,0.0,22.0,91.0
7746,728700485,58.0,86.0,0.0,4.0,133.0,100.0
7747,728702106,0.0,133.0,0.0,0.0,40.0,221.0
7751,728706305,0.0,48.0,0.0,0.0,105.0,71.0
7768,728772860,198.0,140.0,15.333333333333334,6.0,25.666666666666668,148.0
7780,728816117,414.0,190.0,0.0,0.0,158.0,261.0
7787,728856591,160.0,46.0,0.0,0.0,111.0,36.0
7791,728872406,1063.0,4.5,0.0,0.0,19.0,11.0
7803,728899887,609.0,12.0,0.0,13.0,385.0,39.0
7804,728904995,19.0,97.5,25.0,0.0,39.0,126.0
7808,728924115,31.0,65.5,115.0,0.0,11.0,139.0
7812,728943973,678.0,20.0,82.0,0.0,53.666666666666664,24.625
7821,728981400,793.0,43.0,0.0,0.0,100.0,24.0
7824,728994739,97.0,68.33333333333333,7.0,0.0,44.0,110.0
7829,729002748,82.0,105.5,39.5,0.0,43.0,64.83333333333333
7834,729028285,5.0,50.0,0.0,0.0,28.0,94.0
7859,729147091,91.0,59.666666666666664,41.5,0.0,69.5,75.5
7864,729162731,181.5,62.0,33.0,0.0,62.5,87.0
7867,729166864,70.0,239.0,0.0,0.0,82.0,81.0
7869,729203748,430.0,69.0,0.0,6.0,27.0,46.0
7870,729206369,0.0,68.0,0.0,0.0,52.0,112.0
7876,729226074,639.0,91.0,0.0,0.0,109.0,86.0
7878,729230016,86.0,59.5,0.0,6.0,49.0,58.0
7891,729271112,92.0,40.5,0.0,0.0,320.0,37.0
7894,729274093,216.0,12.0,0.0,0.0,47.0,98.0
7898,729285234,115.33333333333333,77.5,38.5,0.0,139.0,170.33333333333334
7900,729286066,4.0,69.0,31.0,0.0,98.0,53.333333333333336
7903,729299364,162.0,19.0,0.0,0.0,112.0,144.0
7909,729320542,70.0,1.0,0.0,3.0,48.0,116.0
7910,729326405,12.0,66.0,0.0,0.0,52.0,63.0
7920,729360065,150.0,131.33333333333334,54.0,0.0,114.5,103.0
7924,729377888,0.0,12.0,81.0,0.0,55.0,146.0
7933,729416693,0.0,95.0,0.0,0.0,139.0,176.0
7947,729459406,981.0,38.666666666666664,0.0,0.0,287.0,40.5
7959,729516981,42.0,1637.0,29.0,0.0,81.0,5.0
7962,729523283,85.0,94.0,21.0,0.0,81.83333333333333,63.666666666666664
7967,729536354,481.0,195.0,0.0,0.0,53.0,42.0
7982,729576855,68.5,271.0,20.0,11.0,94.5,33.5
7985,729588309,666.0,167.0,0.0,0.0,52.0,7.0
7989,729599293,42.5,9.333333333333334,0.0,0.0,51.0,94.0
8009,729700724,79.0,148.0,0.0,0.0,78.0,52.0
8019,729752870,0.0,391.0,0.0,0.0,0.0,0.0
8028,729775707,253.5,169.75,0.0,0.0,183.0,93.5
8030,729783222,57.0,43.5,0.0,4.0,72.0,57.5
8031,729786806,0.0,507.0,0.0,0.0,0.0,0.0
8036,729799275,0.0,24.0,0.0,0.0,0.0,132.0
8040,729815507,0.0,13.666666666666666,20.0,0.0,122.5,85.5
8053,729874274,209.0,26.8,10.0,17.0,38.0,66.5
8056,729895156,0.0,103.0,0.0,0.0,55.0,126.0
8071,729986956,198.0,12.0,0.0,0.0,48.0,214.0
8077,731258888,47.0,53.0,28.0,0.0,72.0,64.0
8085,731450822,17.0,149.0,47.0,0.0,23.0,57.0
8094,731702968,0.0,180.0,0.0,0.0,100.0,60.0
8102,732046915,156.0,102.0,0.0,0.0,29.0,50.0
8120,733126657,245.0,76.0,23.0,0.0,189.0,483.0
8128,733334565,45.0,61.0,0.0,0.0,40.0,80.0
8138,733506907,94.0,680.0,0.0,0.0,0.0,0.0
8176,734477755,256.3333333333333,43.833333333333336,9.0,5.0,98.0,27.0
8202,735241242,0.0,393.0,0.0,0.0,0.0,0.0
8208,735386323,97.0,13.5,39.0,0.0,10.0,94.0
8218,735800138,0.0,108.0,12.333333333333334,0.0,19.0,151.0
8225,736027032,57.666666666666664,43.0,23.0,0.0,106.0,53.0
8332,740276688,0.0,85.5,0.0,0.0,77.0,133.0
8337,740308440,71.0,38.6,98.0,0.0,0.0,111.0
8342,740338984,0.0,398.0,0.0,0.0,0.0,0.0
8343,740339400,285.0,221.0,0.0,0.0,17.0,38.0
8346,740359543,107.0,26.333333333333332,197.0,0.0,43.0,74.0
8354,740392229,59.0,211.0,139.0,0.0,20.0,95.0
8360,740457647,67.0,217.5,30.5,0.0,166.5,321.0
8361,740464598,55.0,295.0,0.0,0.0,132.0,31.0
8362,740474920,1474.0,85.0,0.0,0.0,10.0,7.0
8366,740504141,0.0,1155.0,0.0,0.0,0.0,0.0
8385,740669213,26.0,78.33333333333333,21.0,0.0,13.0,81.0
8394,740784274,63.0,5.0,0.0,5.0,114.0,133.0
8395,740787390,56.0,243.0,0.0,0.0,30.0,46.0
8396,740810812,0.0,941.0,8.0,0.0,0.0,0.0
8399,740830267,0.0,220.0,0.0,0.0,47.0,94.0
8406,740949335,0.0,79.0,20.0,0.0,15.0,117.0
8410,741034057,44.0,196.0,0.0,0.0,35.0,107.0
8412,741060054,88.0,33.0,0.0,0.0,70.0,72.0
8417,741117877,256.0,84.0,0.0,0.0,62.0,60.0
8420,741128196,45.0,146.0,0.0,0.0,66.0,75.0
8424,741157301,0.0,16.0,0.0,0.0,44.0,93.0
8458,741672300,87.0,121.5,25.666666666666668,0.0,84.0,75.75
8472,741820357,125.33333333333333,10.4,0.0,0.0,72.0,58.0
8475,741844354,8.0,400.0,0.0,0.0,27.0,95.0
8482,741929761,46.0,75.0,0.0,3.0,48.0,96.0
8485,741940851,33.0,399.0,0.0,0.0,0.0,6.0
8489,741955820,12.0,544.0,0.0,0.0,96.0,274.0
8493,741999340,128.5,57.0,16.0,0.0,48.0,72.0
8507,742189897,187.0,279.0,0.0,0.0,40.0,52.0
8512,742292621,0.0,31.333333333333332,15.0,0.0,243.5,64.66666666666667
8527,742442535,117.5,82.66666666666667,0.0,14.0,130.33333333333334,108.0
8536,742592728,136.0,86.33333333333333,21.5,0.0,12.0,164.0
8539,742631105,142.0,141.0,0.0,0.0,0.0,62.0
8553,742806814,36.5,46.5,12.0,0.0,20.5,126.5
8559,742861209,109.66666666666667,26.285714285714285,0.0,0.0,117.5,74.75
8571,742946583,128.0,29.833333333333332,28.0,0.0,113.0,372.0
8584,743123362,9.0,87.0,0.0,0.0,53.0,54.0
8597,743279850,85.0,0.0,0.0,0.0,55.0,108.0
8624,743697346,223.0,81.66666666666667,0.0,0.0,64.0,46.0
8625,743698902,61.0,33.333333333333336,22.5,0.0,36.5,73.0
8642,743856922,103.0,63.0,26.0,0.0,95.0,84.0
8656,745022234,0.0,31.0,0.0,0.0,360.0,143.0
8661,745045674,0.0,57.5,0.0,0.0,18.0,90.0
8686,745396568,109.0,107.0,9.0,0.0,26.0,83.5
8689,745438277,0.0,31.0,0.0,0.0,148.0,36.0
8691,745448933,18.0,343.0,10.0,0.0,0.0,46.0
8697,745500596,18.0,90.0,0.0,0.0,30.0,162.0
8698,745514820,0.0,1.0,0.0,0.0,448.0,103.0
8717,745745623,221.0,4.5,0.0,0.0,109.0,48.0
8722,745840157,0.0,72.5,18.0,0.0,21.0,83.0
8730,745928199,0.0,172.0,0.0,0.0,78.0,726.0
8731,745930706,14.0,13.0,0.0,0.0,121.0,89.0
8732,745931849,127.0,101.66666666666667,0.0,0.0,113.8,81.66666666666667
8740,746130617,0.0,47.0,0.0,0.0,114.0,82.0
8749,746311977,53.0,89.0,0.0,0.0,78.0,76.0
8761,746525873,69.0,15.0,0.0,0.0,62.0,79.0
8767,746558535,313.0,99.0,0.0,0.0,173.0,163.0
8780,746685686,107.0,192.0,0.0,0.0,146.0,76.0
8792,746859534,72.0,106.0,0.0,5.0,73.0,92.0
8795,746915405,52.0,59.666666666666664,6.0,0.0,40.0,66.33333333333333
8812,748084085,50.5,269.8,38.0,8.0,8.0,27.666666666666668
8813,748084660,92.0,117.0,47.0,0.0,72.5,102.0
8822,748209709,0.0,48.57142857142857,26.0,0.0,0.0,126.0
8833,748370503,60.0,0.0,0.0,0.0,183.0,11.0
8846,748499382,381.0,154.33333333333334,0.0,0.0,62.0,132.0
8853,748651402,23.0,77.0,0.0,0.0,37.0,99.0
8861,748758120,281.0,73.0,0.0,0.0,98.0,283.0
8866,748784624,108.0,68.0,0.0,0.0,45.0,121.0
8869,748819086,290.0,54.666666666666664,22.0,0.0,47.5,75.33333333333333
8875,748881920,0.0,16.666666666666668,40.0,0.0,289.0,14.0
8887,750495700,101.0,93.5,0.0,0.0,65.0,96.0
8910,753421489,0.0,52.0,0.0,0.0,23.0,89.0
8926,754270048,16.0,18.0,0.0,0.0,213.0,1.0
8941,755250154,20.0,586.0,27.0,0.0,40.0,21.0
8951,757052356,0.0,96.0,0.0,0.0,336.0,416.0
8959,757120811,552.0,198.0,22.0,0.0,267.0,105.0
8967,757204571,79.0,124.0,0.0,0.0,154.0,130.0
8977,757380716,67.0,62.5,39.0,0.0,84.0,65.0
8990,757573344,186.0,135.0,0.0,0.0,78.0,75.0
8992,757587534,80.5,100.75,25.0,0.0,20.0,62.0
9008,757852495,128.0,1232.0,0.0,0.0,33.0,271.0
9013,757962525,59.0,504.0,0.0,0.0,92.0,69.0
9020,758092124,486.5,60.75,38.0,6.0,85.0,32.0
9030,758225473,49.0,98.2,9.5,0.0,198.0,100.0
9032,758252178,0.0,0.0,0.0,0.0,230.0,74.0
9035,758345407,0.0,66.0,0.0,0.0,11.0,97.0
9058,758639777,0.0,1.0,0.0,0.0,85.0,91.0
9061,758664814,25.0,41.0,0.0,0.0,4.0,107.0
9062,758667074,17.0,11.0,0.0,0.0,41.0,134.0
9074,758831325,179.0,21.0,0.0,0.0,71.0,52.0
9076,758882752,126.0,54.0,11.0,21.0,26.5,75.0
9082,759010048,41.5,186.5,42.0,0.0,72.0,122.0
9084,759076547,100.0,271.0,0.0,0.0,25.0,65.0
9112,759463193,328.0,47.0,0.0,0.0,79.0,135.0
9115,759492654,321.0,11.0,0.0,0.0,260.0,52.0
9120,759551690,119.0,374.0,0.0,0.0,58.0,152.0
9128,759631505,117.8,171.0909090909091,27.0,0.0,78.5,98.71428571428571
9131,759678412,69.0,77.0,0.0,0.0,69.0,100.0
9137,759800536,8.5,42.333333333333336,41.0,0.0,123.33333333333333,52.666666666666664
9138,759840826,28.0,108.0,0.0,0.0,19.0,63.0
9143,759941751,54.0,19.666666666666668,0.0,0.0,81.0,70.0
9153,763265062,0.0,29.5,180.0,0.0,159.0,94.0
9160,768018903,51.0,36.5,14.0,0.0,212.0,73.0
9170,768220027,158.66666666666666,82.33333333333333,0.0,4.0,34.0,50.666666666666664
9184,768490846,130.0,349.0,13.0,0.0,22.0,76.0
9190,768575532,14.0,40.0,0.0,0.0,49.0,105.0
9195,768660712,0.0,0.0,0.0,0.0,131.0,93.0
9199,768701992,0.0,51.6,42.0,0.0,0.0,124.0
9200,768706466,51.0,91.0,11.0,0.0,90.0,39.0
9219,769068327,67.75,101.75,0.0,0.0,15.0,103.33333333333333
9227,769227825,59.0,1226.0,0.0,0.0,47.0,99.0
9244,769353879,4.0,29.666666666666668,16.0,0.0,67.0,83.0
9246,769473496,8.0,43.0,0.0,0.0,86.0,89.0
9247,769544045,6.0,17.0,0.0,0.0,165.0,65.0
9251,769610866,0.0,21.5,0.0,0.0,18.0,129.0
9259,769816022,81.0,84.0,0.0,0.0,109.0,112.0
9264,769882821,1308.0,39.0,63.0,0.0,59.0,22.0
9268,769971891,119.0,142.0,0.0,0.0,129.0,86.0
9274,771232158,0.0,33.333333333333336,0.0,0.0,80.66666666666667,77.33333333333333
9276,772059272,7.0,228.0,0.0,0.0,4.0,138.0
9278,772517058,78.0,83.33333333333333,31.5,0.0,94.0,34.5
9344,782359319,0.0,350.0,0.0,0.0,0.0,0.0
9366,784742856,0.0,366.0,15.0,0.0,0.0,0.0
9379,785383737,6.0,9.0,0.0,0.0,0.0,144.0
9387,785803357,106.0,110.0,0.0,0.0,103.0,38.0
9390,786345674,46.0,500.0,0.0,0.0,2.0,2.0
9428,788543682,57.0,66.0,9.0,0.0,4.0,106.0
9468,790259420,0.0,125.0,0.0,0.0,0.0,156.0
9475,790299943,32.0,36.5,0.0,0.0,132.0,93.0
9478,790331028,246.0,65.0,0.0,0.0,155.33333333333334,102.0
9481,790358078,0.0,172.0,0.0,0.0,14.0,70.0
9484,790407811,33.5,56.5,26.0,0.0,115.0,92.0
9502,790579449,85.0,172.625,13.25,0.0,27.5,64.5
9503,790606918,580.0,58.0,25.0,0.0,175.0,68.0
9504,790608941,171.0,84.0,0.0,29.0,21.0,75.0
9508,790633253,11.0,187.0,0.0,0.0,46.0,306.0
9511,790656676,24.0,72.66666666666667,0.0,0.0,31.0,133.5
9519,790726466,64.0,19.444444444444443,0.0,0.0,107.0,96.0
9522,790767910,0.0,0.0,0.0,0.0,119.0,127.0
9523,790771163,0.0,309.0,271.0,0.0,54.0,17.0
9537,790880383,172.0,231.0,158.0,0.0,69.0,35.0
9542,790904563,251.0,143.5,0.0,0.0,22.0,123.0
9552,791004233,69.0,105.0,0.0,0.0,103.0,125.33333333333333
9567,791217277,0.0,74.5,0.0,0.0,46.0,91.0
9588,791384875,0.0,29.0,12.0,0.0,330.0,51.0
9597,791473646,10.0,146.0,0.0,0.0,185.0,124.0
9605,791519967,0.0,8.0,12.0,0.0,41.0,210.0
9619,791666203,96.5,78.0,184.0,0.0,78.5,47.0
9624,791756444,169.0,25.0,0.0,0.0,169.0,81.0
9632,791812425,0.0,11.666666666666666,26.0,0.0,71.0,86.0
9637,791848331,321.0,113.0,0.0,0.0,49.0,34.0
9640,791880560,0.0,13.5,2.0,0.0,61.0,83.0
9648,791971596,0.0,0.0,0.0,0.0,85.0,69.0
9650,792005092,108.0,594.0,0.0,0.0,9.0,18.0
9658,792108753,216.0,8.0,0.0,0.0,253.0,14.0
9664,792204538,0.0,0.0,0.0,0.0,21.0,114.0
9673,792244319,14.0,186.0,0.0,0.0,145.0,62.0
9675,792266606,0.0,14.0,0.0,0.0,38.0,104.0
9680,792286388,69.0,89.0,0.0,0.0,17.0,181.0
9687,792359189,25.0,92.0,14.0,0.0,175.0,86.0
9689,792374948,297.0,26.5,34.0,0.0,126.0,32.0
9694,792424734,186.0,116.2,16.0,11.0,81.5,119.5
9706,792534640,138.0,153.0,0.0,0.0,81.0,56.0
9718,792678060,431.0,278.0,0.0,0.0,0.0,6.0
9720,792690706,0.0,28.0,0.0,0.0,44.0,78.0
9732,792795448,0.0,37.0,0.0,0.0,80.0,119.0
9738,792845868,13.0,385.4,0.0,0.0,25.0,7.0
9759,793388538,509.0,78.5,0.0,0.0,164.0,195.0
9760,793390665,0.0,10.0,0.0,0.0,67.0,81.0
9764,793511992,19.0,42.0,0.0,0.0,52.0,214.0
9765,793519684,0.0,131.0,0.0,0.0,161.0,119.0
9791,794022473,42.0,90.0,0.0,0.0,77.0,156.0
9795,794038098,115.0,19.0,0.0,0.0,57.0,101.0
9804,794138687,0.0,88.0,0.0,0.0,20.0,96.0
9818,794321132,0.0,100.66666666666667,47.333333333333336,0.0,59.0,51.0
9825,794507658,0.0,38.0,0.0,0.0,44.0,159.0
9838,794668254,67.0,70.0,0.0,0.0,66.0,56.0
9839,794675787,22.0,58.25,14.0,0.0,51.0,86.33333333333333
9843,794704482,171.0,175.0,0.0,5.0,12.0,153.0
9845,794716723,0.0,84.75,53.0,0.0,33.0,65.0
9853,794845434,174.0,58.666666666666664,0.0,0.0,57.0,97.0
9857,794899792,743.0,21.0,0.0,0.0,22.0,98.0
9866,794994604,60.0,152.0,0.0,0.0,140.0,66.0
9867,795006375,50.0,121.0,58.0,0.0,155.0,44.0
9870,795051616,0.0,377.5,0.0,0.0,45.0,13.0
9871,795058589,13.0,37.0,0.0,0.0,65.0,110.0
9873,795073438,0.0,125.0,0.0,0.0,7.0,81.0
9875,795100247,10.0,440.0,77.0,0.0,13.0,3.0
9887,795283121,1055.0,106.0,7.0,6.0,148.0,76.0
9900,795414190,90.0,66.0,21.0,0.0,27.5,80.5
9905,795451150,313.0,5.0,0.0,0.0,211.0,18.0
9908,795462921,0.0,416.0,25.0,0.0,48.0,560.0
9917,795588733,0.0,239.0,18.0,0.0,36.0,51.0
9919,795623073,18.0,40.0,0.0,0.0,0.0,113.0
9924,795664308,0.0,7.0,0.0,0.0,49.333333333333336,84.0
9931,795713841,1109.0,108.33333333333333,0.0,0.0,0.0,110.0
9943,795949325,154.0,66.0,0.0,0.0,78.0,106.0
9944,795960004,0.0,11.0,0.0,0.0,59.0,85.0
9949,796014522,42.5,88.0,0.0,0.0,73.0,75.0
9962,796116083,103.0,92.0,0.0,0.0,81.0,112.0
9973,796246339,33.0,4.0,0.0,0.0,68.0,92.0
9983,796405355,7.0,28.714285714285715,17.6,0.0,18.0,88.6
9992,796474191,314.0,38.0,0.0,0.0,100.0,96.0
9993,796480033,0.0,74.0,0.0,0.0,76.0,99.0
9996,796528587,212.0,72.5,24.5,0.0,65.0,160.0
10005,796609890,630.0,78.0,0.0,0.0,131.0,24.0
10023,796769167,42.0,14.0,0.0,0.0,312.0,117.0
10025,796780121,0.0,36.0,0.0,0.0,107.0,43.5
10031,796848330,51.0,69.0,0.0,0.0,66.0,81.0
10037,796942347,0.0,146.0,0.0,0.0,0.0,78.0
10041,797065454,0.0,15.0,0.0,0.0,69.0,93.0
10045,797086055,0.0,177.0,0.0,0.0,0.0,260.0
10046,797087582,0.0,17.0,0.0,0.0,145.0,170.0
10061,797223031,0.0,42.0,37.0,0.0,67.0,196.0
10064,797240743,0.0,1.5,7.0,0.0,59.0,104.0
10065,797250227,25.0,41.0,0.0,0.0,37.0,94.0
10079,797391574,32.5,79.28571428571429,38.0,0.0,153.33333333333334,67.25
10107,797846007,686.0,346.0,0.0,0.0,78.0,21.0
10109,797890330,0.0,98.0,0.0,0.0,15.0,123.0
10125,798022609,6.0,47.666666666666664,0.0,0.0,21.0,141.0
10127,798056535,108.5,113.66666666666667,55.0,0.0,32.333333333333336,61.333333333333336
10135,798135846,96.0,36.5,0.0,0.0,124.0,80.0
10139,798157657,29.666666666666668,43.083333333333336,52.0,0.0,227.5,111.0
10146,798267367,22.0,106.0,41.0,0.0,15.0,99.0
10151,798305841,9.0,31.0,8.0,0.0,387.0,0.0
10159,798367690,45.0,26.333333333333332,13.0,0.0,48.0,71.33333333333333
10167,798494643,112.0,225.0,28.0,0.0,30.0,74.0
10169,798543360,70.0,245.66666666666666,0.0,0.0,91.0,207.0
10174,798635811,0.0,46.0,0.0,0.0,0.0,566.0
10195,798895469,4.0,45.4,0.0,0.0,160.0,135.0
10198,798921030,33.5,23.181818181818183,0.0,0.0,41.0,85.0
10208,799031022,223.0,58.0,0.0,0.0,214.0,90.0
10211,799111738,0.0,19.0,0.0,0.0,77.0,77.0
10212,799117020,96.0,509.3333333333333,0.0,0.0,158.0,201.33333333333334
10231,799431011,167.0,206.66666666666666,0.0,0.0,81.0,71.0
10250,799750941,0.0,15.0,10.0,0.0,48.0,137.0
10261,799942663,103.0,27.0,23.0,0.0,116.0,65.33333333333333
10265,799966602,5.0,45.5,24.0,0.0,73.5,86.5
